{"cameraMode":{"drawMode":0,"name":"Shaded","section":"Shading Mode"},"sceneLighting":false,"audioPlay":false,"sceneViewState":{"m_AlwaysRefresh":false,"showFog":true,"showSkybox":false,"showFlares":true,"showImageEffects":true,"showParticleSystems":true,"showVisualEffectGraphs":true,"m_FxEnabled":true},"in2DMode":false,"pivot":{"x":-0.2874327301979065,"y":0.6198334693908691,"z":3.5151736736297609},"rotation":{"x":0.10530774295330048,"y":-0.26420849561691286,"z":0.02913970872759819,"w":0.9582489728927612},"size":3.7428665161132814,"orthographic":false}