{"cameraMode":{"drawMode":0,"name":"Shaded","section":"Shading Mode"},"sceneLighting":true,"audioPlay":false,"sceneViewState":{"m_AlwaysRefresh":false,"showFog":true,"showSkybox":true,"showFlares":true,"showImageEffects":true,"showParticleSystems":true,"showVisualEffectGraphs":true,"m_FxEnabled":true},"in2DMode":false,"pivot":{"x":-0.2657959461212158,"y":2.182680368423462,"z":9.908611297607422},"rotation":{"x":0.1146085187792778,"y":-0.021339667961001397,"z":0.003516917349770665,"w":0.9931638240814209},"size":9.026723861694336,"orthographic":false}